6597492506722,Jekyll & Hyde Hot Sauce | 13 Angry Scorpions,13 Angry Scorpions,0,1400,0,https://heatonist.com/products/13-angry-scorpions-jekyll-hyde
3944310505570,Fiya! Fiya! Hot Sauce | Adoboloco,Adoboloco Hot Sauce,0,1400,0,https://heatonist.com/products/adoboloco-fiya-fiya
42259775497,Hamajang Smoked Ghost Pepper Hot Sauce | Adoboloco,Adoboloco Hot Sauce,0,1000,0,https://heatonist.com/products/adoboloco-hamajang-kiawe-smoked-ghost-pepper
6670318174306,Island Wings Pineapple Cayenne Pepper Hot Sauce | Adoboloco,Adoboloco Hot Sauce,0,1200,0,https://heatonist.com/products/adoboloco-island-wings-pineapple-cayenne-pepper-sauce
42275438601,Kolohe Kid Hot Sauce | Adoboloco,Adoboloco Hot Sauce,0,1400,0,https://heatonist.com/products/adoboloco-kolohe
4471246487650,Goat Rider Hot Sauce | Angry Goat Pepper Co,Angry Goat Pepper Co,0,1200,0,https://heatonist.com/products/angry-goat-maple-garlic-balsamic
2011317305442,Hippy Dippy Green Hot Sauce | Angry Goat Pepper Co,Angry Goat Pepper Co,0,800,0,https://heatonist.com/products/angry-goat-pepper-co-hippy-dippy-green
6602787258466,The Phoenix Hot Sauce | Angry Goat Pepper Co,Angry Goat Pepper Co,0,1200,0,https://heatonist.com/products/angry-goat-the-phoenix
3944287502434,Aka Miso Hot Sauce | Bravado Spice Co,Bravado Spice Co,0,1400,0,https://heatonist.com/products/bravado-aka-miso
1299384238196,Black Garlic Carolina Reaper Hot Sauce | Bravado Spice Co,Bravado Spice Co,0,1200,0,https://heatonist.com/products/bravado-black-garlic-reaper
6672215539810,Mezcaline | Burns and McCoy,Burns and Mccoy,0,1200,0,https://heatonist.com/products/burns-and-mccoy-mezcaline
42272686089,Smoked Onion Hot Sauce | Butterfly Bakery of Vermont,Butterfly Bakery,0,1000,0,https://heatonist.com/products/butterfly-bakery-smoked-onion
4345801474146,Tamaulipeka Hot Sauce | Cantina Royal,Cantina Royal,0,1200,0,https://heatonist.com/products/cantina-royal-hot-sauce-tamaulipeka
6543933243490,Tomasa Hot Sauce | Cantina Royal,Cantina Royal,0,1400,0,https://heatonist.com/products/cantina-royal-tomasa-1
1480474460258,Assam Hot Sauce | Clark and Hopkins,Clark and Hopkins,0,1000,0,https://heatonist.com/products/clark-and-hopkins-assam-1
6603033346146,Calabria Hot Sauce | Clark and Hopkins,Clark and Hopkins,0,1200,0,https://heatonist.com/products/clark-hopkins-calabria
6743690346594,Cosmic Disco | Karma Sauce,Karma Sauce,0,1400,0,https://heatonist.com/products/cosmic-disco-the-karma-sauce-company
4496261775458,Evolution Hot Sauce | Da Bomb,Da Bomb,0,1400,0,https://heatonist.com/products/da-bomb-hot-sauce
6578283839586,Cedar Smoked Garlic | Dawson's Hot Sauce,Dawson's Hot Sauce,0,1200,0,https://heatonist.com/products/dawsons-cedar-smoked-garlic
42267377673,Original Hot Sauce | Dawson's Hot Sauce,Dawson's Hot Sauce,0,1400,0,https://heatonist.com/products/dawsons-original-hot
4467417088098,Shawarma Hot Sauce | Dawson's Hot Sauce,Dawson's Hot Sauce,0,1200,0,https://heatonist.com/products/dawsons-shawarma-sauce
6599886733410,Psycho Hot Sauce | Dingo Sauce Co,Dingo Sauce Co,0,2000,0,https://heatonist.com/products/dingo-psycho
4341685616738,Widow Maker Hot Sauce | Dingo Sauce Co,Dingo Sauce Co,0,1800,0,https://heatonist.com/products/dingo-sauce-co-widowmaker-1
42266230793,Hot Pepper Sauce | Dirty Dick's Hot Sauce,Dirty Dick's,0,1000,0,https://heatonist.com/products/dirty-dicks-hot-sauce
4341163819106,Scotch Bonnet Mustard Hot Sauce | Double Take Salsa Co,Double Take Salsa,0,800,0,https://heatonist.com/products/double-take-salsa-co-scotch-bonnet-mustard
4350452465762,Native Bongo Chili Hot Sauce | Fiji Fire,Fiji FIre,0,1200,0,https://heatonist.com/products/fiji-fire-native-bongo-chili-hot-sauce-1
4372236632162,Chipotle & Habanero Hot Sauce | Fresco Sauce,Fresco Sauce,0,1000,0,https://heatonist.com/products/fresco-sauce-chipotle-habanero
42263216137,Ghost Pepper & Blueberry Hot Sauce | Bravado Spice Co,Bravado Spice Co,0,1000,0,https://heatonist.com/products/ghost-pepper-blueberry-hot-sauce
45351960585,HEATONIST Digital Hot Sauce Gift Card,HEATONIST,0,1000,0,https://heatonist.com/products/gift-card
6544116613218,The Original Goat (The OG) Hot Sauce | Ginger Goat,Ginger Goat,0,1200,0,https://heatonist.com/products/ginger-goat-the-original-goat-the-og
6671059026018,Tyrfing’s Curse | Halogi Hot Sauce,Halogi,0,1400,0,https://heatonist.com/products/halogi-tyrfing-s-curse
213719384073,Habanero Hot Sauce | Heartbeat Hot Sauce,Heartbeat Hot Sauce,0,1200,0,https://heatonist.com/products/heartbeat-hot-sauce-habanero
4471247143010,Scorpion Hot Sauce | Heartbeat Hot Sauce,Heartbeat Hot Sauce,0,1200,0,https://heatonist.com/products/heartbeat-hot-sauce-scorpion
3944282030178,Pineapple Habanero Hot Sauce | Heartbeat Hot Sauce,Heartbeat Hot Sauce,0,1200,0,https://heatonist.com/products/heartbeat-pineapple-habanero
4471248027746,Bourbon Habanero Ghost Hot Sauce | Hell Fire Detroit,Detroit Hellfire,0,1400,0,https://heatonist.com/products/hell-fire-detroit-bourbon
42269442057,Habanero Hot Sauce | Hell Fire Detroit,Detroit Hellfire,0,1200,0,https://heatonist.com/products/hellfire-detroit-habanero
4526401060962,Devil’s Blend Roasted Reaper Hot Sauce | Hellfire Hot Sauce,Hellfire Hot Sauce,0,1200,0,https://heatonist.com/products/hellfire-devil-s-blend-roasted-reaper
2031268692066,Fear This Hot Sauce | Hellfire Hot Sauce,Hellfire Hot Sauce,0,1600,0,https://heatonist.com/products/hellfire-fear-this
6576565715042,Kranked Hot Sauce | Hellfire Hot Sauce,Hellfire Hot Sauce,0,2000,0,https://heatonist.com/products/hellfire-kranked-1
6546472927330,Tikk-Hot Masala Hot Sauce | High Desert,High Desert,0,1400,0,https://heatonist.com/products/high-dessert-tikk-hot-masala
42269540361,Cheeba Gold Hot Sauce | High River Sauces,High River Sauces,0,1000,0,https://heatonist.com/products/high-river-sauces-cheeba-gold
4526414561378,Tears of the Sun Private Reserve Hot Sauce | High River Sauces,High River Sauces,0,1200,0,https://heatonist.com/products/high-river-tears-of-the-sun-special-reserve-5-oz-1
6574964605026,Hoff's Haus Sauce Hot Sauce | Hoff & Pepper,Hoff & Pepper,0,1200,0,https://heatonist.com/products/hoff-pepper-hoffs-haus-sauce
6576564666466,Revolutionary Hot Sauce | Hot Heads,Hot Heads,0,1200,0,https://heatonist.com/products/hot-heads-revolutionary
6676175847522,Collards N Ghost Hot Sauce | Hot N Saucy,Hot n Saucy,0,1200,0,https://heatonist.com/products/hot-n-saucy-collards-n-ghost
4524033310818,Garlic N Peperoncini Hot Sauce | Hot N Saucy,Hot n Saucy,0,1000,0,https://heatonist.com/products/hot-n-saucy-garlic-n-pepperoncini
6548654358626,Hot Ones 10 Pack - Season 15 | Hot Ones Hot Sauce,Hot Ones,0,12000,0,https://heatonist.com/products/hot-ones-10-pack-season-15
6584805851234,Hot Ones 10 Pack - Season 16 | Hot Ones Hot Sauce,Hot Ones,0,12000,0,https://heatonist.com/products/hot-ones-10-pack-season-16
6634053533794,Hot Ones 10 Pack - Season 17 | Hot Ones Hot Sauce,Hot Ones,0,12000,0,https://heatonist.com/products/hot-ones-10-pack-season-17
6755808968802,Hot Ones The Classic Trio | Hot Ones Hot Sauce,Hot Ones,0,3000,0,https://heatonist.com/products/hot-ones-classic-trio-hot-ones-hot-sauce
4439921229922,Dos Los XXX Trio Pack | Hot Ones Hot Sauce,Hot Ones,0,4000,0,https://heatonist.com/products/hot-ones-dos-los-xxx-trio
4521682894946,Happy Pack Gift Set | Hot Ones Hot Sauce,HEATONIST,0,3200,0,https://heatonist.com/products/hot-ones-happy-pack
6679238836322,Hot Ones 10 Pack - Season 18 | Hot Ones Hot Sauce,Hot Ones,0,12000,0,https://heatonist.com/products/hot-ones-hot-sauce-hot-ones-10-pack-season-18
6744231510114,Hot Ones 10 Pack - Season 19 | Hot Ones Hot Sauce,Hot Ones,0,12000,0,https://heatonist.com/products/hot-ones-hot-sauce-hot-ones-10-pack-season-19
6679240769634,Hot Ones Season 18 Heat Pack | Hot Ones Hot Sauce,Hot Ones,0,4400,0,https://heatonist.com/products/hot-ones-hot-sauce-hot-ones-season-18-heat-pack
6679241064546,Hot Ones Season 18 Hot Ones Trio | Hot Ones Hot Sauce,Hot Ones,0,4000,0,https://heatonist.com/products/hot-ones-hot-sauce-hot-ones-season-18-hot-ones-trio
6679240540258,Hot Ones Season 18 Warmup Pack | Hot Ones Hot Sauce,Hot Ones,0,3400,0,https://heatonist.com/products/hot-ones-hot-sauce-hot-ones-season-18-warmup-pack
6744232099938,Hot Ones Season 19 Heat Pack | Hot Ones Hot Sauce,Hot Ones,0,4400,0,https://heatonist.com/products/hot-ones-hot-sauce-hot-ones-season-19-heat-pack
6744232263778,Hot Ones Season 19 Hot Ones Trio | Hot Ones Hot Sauce,Hot Ones,0,4000,0,https://heatonist.com/products/hot-ones-hot-sauce-hot-ones-season-19-hot-ones-trio
6744231805026,Hot Ones Season 19 Warmup Pack | Hot Ones Hot Sauce,Hot Ones,0,3600,0,https://heatonist.com/products/hot-ones-hot-sauce-hot-ones-season-19-warmup-pack
6678485762146,Hot Ones Jr. Duo Pack | Hot Ones Hot Sauce,Hot Ones,0,2000,0,https://heatonist.com/products/hot-ones-jr-duo
6610623299682,Hot Ones Jr. The Green | Hot Ones Hot Sauce,Hot Ones,0,1000,0,https://heatonist.com/products/hot-ones-jr-the-green
6769635131490,Hot Ones Jr. The Red | Hot Ones Hot Sauce,Hot Ones,0,1000,0,https://heatonist.com/products/hot-ones-jr-the-red-hot-ones-hot-sauce
6668056854626,Hot Ones Jr. The Yellow | Hot Ones Hot Sauce,Hot Ones,0,1000,0,https://heatonist.com/products/hot-ones-jr-the-yellow
6763726307426,Hot Ones Jr. Trio | Hot Ones Hot Sauce,Hot Ones,0,3000,0,https://heatonist.com/products/hot-ones-jr-trio-hot-ones-hot-sauce
1304532910196,Los Calientes | Hot Ones Hot Sauce,Hot Ones,0,1200,0,https://heatonist.com/products/hot-ones-los-calientes
6550778216546,Los Calientes Barbacoa | Hot Ones Hot Sauce,Hot Ones,0,1200,0,https://heatonist.com/products/hot-ones-los-calientes-barbacoa
4523749933154,Los Calientes Duo | Hot Ones Hot Sauce,Hot Ones,0,2400,0,https://heatonist.com/products/hot-ones-los-calientes-duo
4338884968546,Los Calientes Rojo | Hot Ones Hot Sauce,Hot Ones,0,1200,0,https://heatonist.com/products/hot-ones-los-calientes-rojo
6555815706722,Los Calientes Trio Pack | Hot Ones Hot Sauce,HEATONIST,0,3300,0,https://heatonist.com/products/hot-ones-los-calientes-trio
4528261398626,Pepper X Trio Pack | Hot Ones Hot Sauce,Hot Ones,0,4800,0,https://heatonist.com/products/hot-ones-pepper-x-trio
4448407617634,Hot Ones Season 12 Heat Pack | Hot Ones Hot Sauce,HEATONIST,0,3600,0,https://heatonist.com/products/hot-ones-season-12-heat-pack
4448407421026,Hot Ones Season 12 Warmup Pack | Hot Ones Hot Sauce,HEATONIST,0,3000,0,https://heatonist.com/products/hot-ones-season-12-warmup-pack
4502545104994,Hot Ones Season 13 Heat Pack | Hot Ones Hot Sauce,HEATONIST,0,4000,0,https://heatonist.com/products/hot-ones-season-13-heat-pack
4502544875618,Hot Ones Season 13 Warmup Pack | Hot Ones Hot Sauce,HEATONIST,0,3000,0,https://heatonist.com/products/hot-ones-season-13-warmup-pack
64285769737,Monthly Hot Ones Box,HEATONIST,0,3000,0,https://heatonist.com/products/hot-ones-subscription-monthly
1633920712802,The Classic | Hot Ones Hot Sauce,Hot Ones,0,1000,0,https://heatonist.com/products/hot-ones-the-classic
4523757043810,The Classic Duo Pack | Hot Ones Hot Sauce,Hot Ones,0,2000,0,https://heatonist.com/products/hot-ones-the-classic-duo
4429508608098,The Classic - Garlic Fresno Edition | Hot Ones Hot Sauce,Hot Ones,0,1000,0,https://heatonist.com/products/hot-ones-the-classic-fresno-edition
4338871009378,The Classic - Pepper X Edition | Hot Ones Hot Sauce,Hot Ones,0,1800,0,https://heatonist.com/products/hot-ones-the-classic-pepper-x-edition
42276028425,The Last Dab XXX | Hot Ones Hot Sauce,Hot Ones,0,2000,0,https://heatonist.com/products/hot-ones-the-last-dab
6544809656418,The Last Dab - Reaper Edition | Hot Ones Hot Sauce,Hot Ones,0,2000,0,https://heatonist.com/products/hot-ones-the-last-dab-reaper-edition-1
1893430788194,Hot Ones Trio Pack - Original | Hot Ones Hot Sauce,HEATONIST,0,4000,0,https://heatonist.com/products/hot-ones-trio
4362213326946,Hot Ones Trio Pack - New | Hot Ones Hot Sauce,Hot Ones,0,4000,0,https://heatonist.com/products/hot-ones-trio-new
4372238139490,Ghost Sauce Hot Sauce | Hotter Than El,Hotter Than El,0,1000,0,https://heatonist.com/products/hotter-than-el-ghost-sauce
6546474074210,Love Burns Hot Sauce | Hotter Than El,Hotter Than El,0,1400,0,https://heatonist.com/products/hotter-than-el-love-burns
42269802505,Original Hot Sauce | Howler Monkey,Howler Monkey,0,800,0,https://heatonist.com/products/howler-monkey-original
42269900809,Ancho & Morita Hot Sauce | Humble House,Humble House,0,1200,0,https://heatonist.com/products/humble-house-ancho-morita
42269835273,Guajillo & Red Jalapeno Hot Sauce | Humble House,Humble House,0,1200,0,https://heatonist.com/products/humble-house-guajillo-red-jalapeno
3946177495138,Burn After Eating Hot Sauce | Karma Sauce,Karma Sauce,0,1800,0,https://heatonist.com/products/karma-burn-after-eating
42260496393,Extreme Karma Hot Sauce | Karma Sauce,Karma Sauce,0,1200,0,https://heatonist.com/products/karma-sauce-extreme-karma
6544450289762,Scorpion Disco Hot Sauce | Karma Sauce,Karma Sauce,0,1400,0,https://heatonist.com/products/karma-scorpion-disco
6576568303714,Bhutila Fire Hot Sauce | Chile Lengua de Fuego,Chile Lengua de Fuego,0,1400,0,https://heatonist.com/products/lengua-de-fuego-bhutila-fire
42270031881,Year of the Dog | Lucky Dog Hot Sauce,Lucky Dog,0,1200,0,https://heatonist.com/products/lucky-dog-year-of-the-dog
4521648062562,Barbados Style | Mark's Hot Sauce,Mark's Hot Sauce,0,1200,0,https://heatonist.com/products/marks-hot-sauce-barbados-style
4372238827618,Pierdealmas Hot Sauce | Chile Monoloco,Monoloco,0,1800,0,https://heatonist.com/products/monoloco-pierdealmas
4514866561122,Nugget Honey | Hot Ones Hot Sauce,Hot Ones,0,1200,0,https://heatonist.com/products/nugget-honey
210382848009,Paddy O's Potion Hot Sauce | Popp Sauce,Popp Sauce,0,1000,0,https://heatonist.com/products/paddys-o-potion
4341681881186,Stargazer Hot Sauce | Pepper North,Pepper North,0,1400,0,https://heatonist.com/products/pepper-north-stargazer
6742221095010,Piko Riko | Microsaucerie Piko Peppers,Microsaucerie Piko Peppers,0,1200,0,https://heatonist.com/products/piko-riko-microsaucerie-piko-peppers
42266656777,Pepper Sauce | Pirate's Lantern,Pirate's Lantern,0,1000,0,https://heatonist.com/products/pirates-lantern-pepper-sauce
4471248289890,Chipotle eXpress Hot Sauce | Puckerbutt Pepper Co,Puckerbutt Pepper Co,0,1800,0,https://heatonist.com/products/puckerbutt-pepper-co-chipotle-xpress
6632513175650,Extra Mean Green Hot Sauce | Puckerbutt Pepper Co,Puckerbutt Pepper Co,0,1800,0,https://heatonist.com/products/puckerbutt-pepper-company-extra-mean-green
42274979849,Cocoa Ghost Hot Sauce | Queen Majesty,Queen Majesty Hot Sauce,0,1400,0,https://heatonist.com/products/queen-majesty-cocoa-ghost-hot-sauce
42268819465,Red Habanero & Black Coffee Hot Sauce | Queen Majesty,Queen Majesty Hot Sauce,0,1000,0,https://heatonist.com/products/queen-majesty-red-habanero-black-coffee
42261610505,Scotch Bonnet & Ginger Hot Sauce | Queen Majesty,Queen Majesty Hot Sauce,0,1000,0,https://heatonist.com/products/queen-majesty-scotch-bonnet-ginger
4505610485858,Skinny Habanero Hot Sauce | Sauce Bae,Sauce Bae,0,1000,0,https://heatonist.com/products/sauce-bae-skinny-habanero-hot-sauce-1
6672195780706,The Seventh Reaper Hot Sauce | Sauce Leopard,Sauce Leopard,0,1200,0,https://heatonist.com/products/sauce-leopard-the-seventh-reaper
6544180084834,Jala Pepa Mild Hot Sauce | Savir Foods,Savir Foods,0,1000,0,https://heatonist.com/products/savir-foods-jala-peppa
4372238336098,Reaper Hot Sauce | SeaFire Gourmet,SeaFire,0,1200,0,https://heatonist.com/products/seafire-reaper
4465497997410,Hot Ones Season 12 Trio Pack | Hot Ones Hot Sauce,HEATONIST,0,4000,0,https://heatonist.com/products/season-12-hot-ones-trio-pack
4512687128674,Hot Ones Season 13 Trio Pack | Hot Ones Hot Sauce,HEATONIST,0,4200,0,https://heatonist.com/products/season-13-hot-ones-trio-pack
4539147124834,Hot Ones Season 14 Heat Pack | Hot Ones Hot Sauce,Hot Ones,0,4000,0,https://heatonist.com/products/season-14-heat-pack
4539146960994,Hot Ones Season 14 Trio Pack | Hot Ones Hot Sauce,Hot Ones,0,4000,0,https://heatonist.com/products/season-14-hot-ones-trio
4539147026530,Hot Ones Season 14 Warmup Pack | Hot Ones Hot Sauce,Hot Ones,0,3000,0,https://heatonist.com/products/season-14-warmup-pack
6548654194786,Hot Ones Season 15 Heat Pack | Hot Ones Hot Sauce,Hot Ones,0,3800,0,https://heatonist.com/products/season-15-heat-pack
6554123534434,Hot Ones Season 15 Trio Pack | Hot Ones Hot Sauce,Hot Ones,0,4000,0,https://heatonist.com/products/season-15-hot-one-trios
6548654162018,Hot Ones Season 15 Warmup Pack | Hot Ones Hot Sauce,Hot Ones,0,3000,0,https://heatonist.com/products/season-15-warmup-pack
6584804212834,Hot Ones Season 16 Heat Pack | Hot Ones Hot Sauce,Hot Ones,0,4200,0,https://heatonist.com/products/season-16-heat-pack
6584805163106,Hot Ones Season 16 Trio Pack | Hot Ones Hot Sauce,Hot Ones,0,4000,0,https://heatonist.com/products/season-16-hot-ones-trio
6584803950690,Hot Ones Season 16 Warmup Pack | Hot Ones Hot Sauce,Hot Ones,0,3200,0,https://heatonist.com/products/season-16-warmup-pack
6634054647906,Hot Ones Season 17 Heat Pack | Hot Ones Hot Sauce,Hot Ones,0,4400,0,https://heatonist.com/products/season-17-heat-pack
6634055139426,Season 17 Hot Ones Trio Pack | Hot Ones Hot Sauce,Hot Ones,0,4000,0,https://heatonist.com/products/season-17-hot-ones-trio
6634054254690,Hot Ones Season 17 Warmup Pack | Hot Ones Hot Sauce,Hot Ones,0,3400,0,https://heatonist.com/products/season-17-warmup-pack
42261807113,Habanero Hot Sauce | Secret Aardvark Trading Co,Secret Aardvark Trading Co.,0,800,0,https://heatonist.com/products/secret-aardvark-habanero-hot-sauce
3821884178530,Hot Thai Green Hot Sauce | Seed Ranch Flavor Co,Seed Ranch Flavor Co,0,1400,0,https://heatonist.com/products/seed-ranch-hot-thai-green
6576563585122,.718 Hot Sauce | Señor Lechuga,Señor Lechuga,0,1400,0,https://heatonist.com/products/senor-lechuga-adobo-black-lime-ghost-peppers
4471245996130,West Indian Curry Hot Sauce | Shaquanda's,Shaquanda's,0,1000,0,https://heatonist.com/products/shaquandas-curry
2181331845218,Hot Pepper Sauce Hot Sauce | Shaquanda's,Shaquanda's,0,1000,0,https://heatonist.com/products/shaquandas-hot-pepper-sauce
6736384163938,Sichuan Gold | Fly By Jing,Fly By Jing,0,1600,0,https://heatonist.com/products/sichuan-gold-fly-x-jing
3946169303138,Chicago Red Hot Jalapeno Hot Sauce | Small Axe Peppers,Small Axe Peppers,0,1000,0,https://heatonist.com/products/small-axe-peppers-chicago-red-hot-jalapeno
1573625069666,Habanero Mango Hot Sauce | Small Axe Peppers,Small Axe Peppers,0,1000,0,https://heatonist.com/products/small-axe-peppers-habanero-mango
4372239941730,Jade Jaguar Hot Sauce | Steel City Sauce,Steel City Sauce,0,1000,0,https://heatonist.com/products/steel-city-sauce-jade-jaguar
6743687888994,The Classic - Chili Maple | Hot Ones Hot Sauce,Hot Ones,0,1000,0,https://heatonist.com/products/the-classic-chili-maple-edition-hot-ones
4471248650338,The Last Dab: Apollo | Hot Ones Hot Sauce,Hot Ones,0,2200,0,https://heatonist.com/products/the-last-dab-apollo
1994881302626,Garlic Reaper Sauce Hot Sauce | Torchbearer Sauces,Torchbearer Sauces,0,1600,0,https://heatonist.com/products/torchbearer-garlic-reaper
3945697575010,Headless Horseradish Hot Sauce | Torchbearer Sauces,Torchbearer Sauces,0,1400,0,https://heatonist.com/products/torchbearer-headless-horseradish
4513027522658,Honey Badger Hot Sauce | Torchbearer Sauces,Torchbearer Sauces,0,1400,0,https://heatonist.com/products/torchbearer-honey-badger
1296883286132,Son of Zombie Hot Sauce | Torchbearer Sauces,Torchbearer Sauces,0,800,0,https://heatonist.com/products/torchbearer-son-of-zombie
4370909593698,Heatonist Tote Bag,HEATONIST,0,1000,0,https://heatonist.com/products/tote-bag
6733008437346,Tropiquante | Sinai Gourmet,Sinai Gourmet,0,1200,0,https://heatonist.com/products/tropiquante-sinai-gourmet
4424313045090,Truth or DAB,Wilder Toys,0,3499,0,https://heatonist.com/products/truth-or-dab
4485522391138,Truth Or Dab: The Game | Hot Ones,Hot Ones,0,3499,0,https://heatonist.com/products/truth-or-dab-game
6743689920610,Turmeric Bomb | Chile Lengua de Fuego,Chile Lengua de Fuego,0,1400,0,https://heatonist.com/products/turmeric-bomb-chile-lengua-de-fuego
6743690936418,Unique Garlique | Puckerbutt Pepper Co,Puckerbutt Pepper Co,0,1800,0,https://heatonist.com/products/unique-garlique-puckerbutt-pepper-company
4372238532706,Thor's Hammer Hot Sauce | Volcanic Peppers,Volcanic Peppers,0,1400,0,https://heatonist.com/products/volcanic-peppers-thors-hammer
6576561029218,Bliss and Vinegar Hot Sauce | Yellowbird,Yellowbird,0,1200,0,https://heatonist.com/products/yellowbird-bliss-and-vinegar
42264854537,Zombie Apocalypse Hot Sauce | Torchbearer Sauces,Torchbearer Sauces,0,1600,0,https://heatonist.com/products/zombie-apocalypse
